date,temperature,precipitation
2021-01-01,32.64052345967664,4.610502191524082
2021-01-02,19.001572083672233,9.351605120778256
2021-01-03,24.787379841057394,8.847648222993799
2021-01-04,37.40893199201458,7.0197759516619715
2021-01-05,33.675579901499674,4.896849123645492
2021-01-06,5.22722120123589,1.3168728181445688
2021-01-07,24.500884175255894,3.970136667776334
2021-01-08,13.486427917023022,7.044015394011737
2021-01-09,13.967811482064421,2.848855205537312
2021-01-10,19.105985019383724,1.0398807754342043
2021-01-11,16.440435711608778,9.078984575106281
2021-01-12,29.54273506962975,7.090508098155446
2021-01-13,22.610377251469934,6.152764266350972
2021-01-14,16.216750164928285,7.924989056089165
2021-01-15,19.438632327454258,8.356460375834757
2021-01-16,18.33674327374267,4.834589981710233
2021-01-17,29.94079073157606,8.8118825140944
2021-01-18,12.948417362341992,9.164190107011054
2021-01-19,18.130677016509015,2.715510954247814
2021-01-20,6.459042606982752,6.075453597907943
2021-01-21,-10.529898158340785,5.265840288204692
2021-01-22,21.536185954403607,5.379457791519025
2021-01-23,23.644361988595058,9.37663093964562
2021-01-24,7.578349795935581,3.05188702693029
2021-01-25,37.697546239876075,9.834339782345761
2021-01-26,0.4563432540123529,9.021312148042322
2021-01-27,15.457585173014461,4.587228886135026
2021-01-28,13.128161499741664,8.174532636181661
2021-01-29,30.327792143584574,7.690469943201405
2021-01-30,29.69358769900285,6.7789496961852125
2021-01-31,16.549474256969162,3.1983388938315427
2021-02-01,18.781625196021736,1.9645099182095394
2021-02-02,6.122142523698873,6.715276967657582
2021-02-03,-4.80796468223927,8.429732964010842
2021-02-04,11.520878506738473,0.16252788677369678
2021-02-05,16.563489691039802,6.428033753085121
2021-02-06,27.302906807277207,4.428730246222124
2021-02-07,27.02379848784411,8.980877551269836
2021-02-08,11.126731825920476,3.2147293085420525
2021-02-09,11.976972494246645,4.741848122636218
2021-02-10,4.514470349329073,5.147671040351863
2021-02-11,0.7998206282102487,1.4043952137105298
2021-02-12,-2.062701906250126,7.128923026989064
2021-02-13,34.5077539523179,8.304763451209595
2021-02-14,9.903478182483465,0.5790927689626024
2021-02-15,10.619256983888135,2.9138882053690276
2021-02-16,2.472046399500737,0.3804468153505791
2021-02-17,22.7749035583191,9.565441046882423
2021-02-18,-1.1389784755795134,6.671688207038235
2021-02-19,12.872597197860312,9.642004194547816
2021-02-20,6.045334388063244,5.314942783313078
2021-02-21,18.86902497859262,8.020685238956139
2021-02-22,9.891948624311269,3.7441398387974
2021-02-23,3.193678158775878,3.538190325726409
2021-02-24,14.718177716613452,3.7826781710513266
2021-02-25,19.283318705304175,6.578621337264282
2021-02-26,15.665172223831679,3.5945315102165223
2021-02-27,18.024718977397814,9.003674516042256
2021-02-28,8.656779063190363,9.832748650501554
2021-03-01,11.372588340128619,0.3042651533700591
2021-03-02,8.27539552224049,1.9362329040249648
2021-03-03,11.404468384594587,1.12249992587386
2021-03-04,6.86853717955546,0.4236404709144326
2021-03-05,-2.2628260233167694,2.277409933472865
2021-03-06,16.774261422537528,4.467933203690811
2021-03-07,10.98219063791738,8.369903652886837
2021-03-08,-1.3019834696604455,2.218240305099961
2021-03-09,19.627822555257744,4.939452556622013
2021-03-10,5.927016356167577,9.296187394467545
2021-03-11,15.519453957961389,6.672147067866749
2021-03-12,22.29090562177537,7.980790197559974
2021-03-13,16.289829107574107,5.509939701854862
2021-03-14,26.394006845433005,9.8046645884063
2021-03-15,2.651741796463474,5.886621546814742
2021-03-16,19.02341641177549,0.4551071396259154
2021-03-17,8.151899090596867,1.9798279993979484
2021-03-18,6.292028508181183,4.04773628957148
2021-03-19,9.211503352355844,6.012771725737763
2021-03-20,11.884474678726274,7.719308674089599
2021-03-21,15.561653422297454,4.130861259038863
2021-03-22,3.3485015921664356,7.100583050156887
2021-03-23,24.008264869541872,7.89869503109125
2021-03-24,19.656624397304597,3.1726019724998276
2021-03-25,-0.3624368627722383,9.792702400358186
2021-03-26,29.882521937955996,6.496564952358356
2021-03-27,33.95889176030583,8.809980607861313
2021-03-28,26.78779571159651,5.559376888086067
2021-03-29,13.20075164187649,7.416031071523237
2021-03-30,4.292473784894575,7.705440616163654
2021-03-31,25.544517269311367,9.08248379234579
2021-04-01,10.968230530268205,1.503497568713703
2021-04-02,27.224450703824274,5.582834241692485
2021-04-03,17.0827497807686,4.283785131058563
2021-04-04,24.76639036483713,9.231590211737403
2021-04-05,18.56366397174402,1.050946942489992
2021-04-06,22.06573168191948,9.825738886809127
2021-04-07,15.105000207208205,8.754513240932964
2021-04-08,32.858704939058356,0.7382628156424853
2021-04-09,16.269120927036198,4.9096638554047445
2021-04-10,19.019893634447016,7.1755950021252595
2021-04-11,33.83150697056254,7.381515456910565
2021-04-12,1.5224093885755359,9.064941252379208
2021-04-13,2.2951500151426636,7.99865435582311
2021-04-14,24.693967081580112,3.109303803440895
2021-04-15,3.2687659488584018,4.984347858624524
2021-04-16,34.436211856492925,7.017857629358541
2021-04-17,10.863810192402527,1.3843684136435142
2021-04-18,7.525451885592423,1.9399079760019733
2021-04-19,34.22942026480385,4.8104244810987264
2021-04-20,29.805147914344243,2.982457987055127
2021-04-21,33.675589604265696,8.62559249784095
2021-04-22,24.060446582753855,5.86277321520618
2021-04-23,6.387743149452975,3.486651977183677
2021-04-24,34.10064953099034,8.488330256044101
2021-04-25,12.319966290486196,8.048784485542388
2021-04-26,23.024563957963952,9.983548770992694
2021-04-27,24.47251967773748,8.473076883337349
2021-04-28,13.449899069091657,4.144565348056797
2021-04-29,21.1407937034608,1.2749888176998847
2021-04-30,24.222066715665267,8.406409082004778
2021-05-01,18.764255311556294,0.5975791796039398
2021-05-02,4.005992094158055,3.5027120734485417
2021-05-03,17.98238174206056,9.197379807712737
2021-05-04,28.263858966870302,9.607664734451006
2021-05-05,8.054321402686345,6.405645935212184
2021-05-06,13.503654596723292,6.886483169837136
2021-05-07,10.648464482783625,0.4245448872552249
2021-05-08,33.49263728479342,5.144803410895479
2021-05-09,21.722947570124354,5.468681788063412
2021-05-10,19.074618362411105,3.401007461241111
2021-05-11,7.300839255546836,0.6859683475388434
2021-05-12,20.392491912918175,2.2890759972439403
2021-05-13,8.25667339342624,3.5798393686119634
2021-05-14,15.318305582743513,4.3514198651632965
2021-05-15,8.64153921621119,5.909267255335692
2021-05-16,21.764332949464997,7.223915186982364
2021-05-17,20.76590816614941,3.1763187327394613
2021-05-18,12.91701244422005,3.2895375991898312
2021-05-19,18.96006712661645,0.19691642723703717
2021-05-20,4.069384912694943,0.40874860094018306
2021-05-21,0.08742407294394461,2.578216943085364
2021-05-22,19.393917012645367,7.402449976749566
2021-05-23,16.66673495372529,6.283138303739122
2021-05-24,21.35031436892106,7.6978902067783475
2021-05-25,38.83144774863942,7.689194362148218
2021-05-26,24.444794869904136,8.565674676693012
2021-05-27,5.871777745558415,7.203192659868836
2021-05-28,26.17016288095853,9.790109190008229
2021-05-29,1.8409258948847889,8.988252193018173
2021-05-30,10.38415395185291,5.867171662232343
2021-05-31,14.317583946753688,5.881576704911717
2021-06-01,32.133427216493665,0.34267040352229494
2021-06-02,7.552451779515601,9.985265777083542
2021-06-03,6.735614613409856,1.3157599736614178
2021-06-04,14.015474755745677,7.403471966315919
2021-06-05,8.365217136378927,8.21015195124309
2021-06-06,26.26635922106507,3.730545293052032
2021-06-07,4.200684916365766,1.9685205466531375
2021-06-08,3.525313475888975,0.9875988679055503
2021-06-09,10.62179955255566,7.486060058295778
2021-06-10,10.019675493076951,4.526535292056957
2021-06-11,34.29532053816986,7.1371775900113565
2021-06-12,24.49420806925761,9.154076488518006
2021-06-13,15.87551241385191,1.4658373615105669
2021-06-14,2.7456448116983196,9.191710007237997
2021-06-15,23.44362976401547,4.116264595084367
2021-06-16,4.997846526104352,3.0526700989728903
2021-06-17,-0.44771096777611596,9.430622606027791
2021-06-18,26.880297923523017,9.906516926063993
2021-06-19,18.169426119248495,1.9889221776744814
2021-06-20,24.20858823780819,6.568383469519833
2021-06-21,18.18727652943021,1.0649531377106036
2021-06-22,23.56830611902691,6.509140038575057
2021-06-23,8.489744066998531,8.273132277758497
2021-06-24,4.657571582155352,6.844985465240676
2021-06-25,21.81594518281627,4.173331420625957
2021-06-26,6.965903358261588,3.8306635956376955
2021-06-27,8.104502222497995,3.9312241522341704
2021-06-28,10.444674964826568,5.897118179929231
2021-06-29,15.174791590250567,8.815672700724956
2021-06-30,11.460060887465161,9.290661572687679
2021-07-01,1.2504870658198115,0.5352962020731811
2021-07-02,8.563815971671094,1.816223946456883
2021-07-03,-7.2340315222442655,1.1222431582828851
2021-07-04,21.252314510271873,1.9333464076691398
2021-07-05,-1.0205765560674749,3.466078106091718
2021-07-06,3.956166605715495,5.065316826226239
2021-07-07,15.521650792609744,6.2946122700915215
2021-07-08,7.604370036086867,7.321422191397015
2021-07-09,30.430145954067356,8.90111541385807
2021-07-10,2.0714309027655133,9.890884372297908
2021-07-11,17.67050869349183,6.628564785571198
2021-07-12,14.607171817725044,8.45364518667763
2021-07-13,3.319065022588026,7.780388469246989
2021-07-14,20.232766605317536,3.0753203921871197
2021-07-15,13.28453668777752,8.75692270234923
2021-07-16,22.717905512136674,0.42763137947798846
2021-07-17,23.235041539637315,0.0036734375145786036
2021-07-18,36.6323594928069,2.7373262938846423
2021-07-19,28.365279494363918,4.620975296274499
2021-07-20,11.308181620575564,6.3836289500067736
2021-07-21,12.606208224240737,1.017702665445448
2021-07-22,25.996595958871133,6.730101338348399
2021-07-23,21.55263730722598,8.018158670596945
2021-07-24,21.40131526097592,1.853129195793668
2021-07-25,-1.1695604431083453,4.151252548317938
2021-07-26,14.756738756010643,5.199849899533097
2021-07-27,7.619690907943113,4.5180701808448065
2021-07-28,17.799245990432382,7.9982993088847065
2021-07-29,14.01849610357042,9.605223981193308
2021-07-30,24.10178908092592,7.9895316400817995
2021-07-31,18.17218215191302,0.7799281787582457
2021-08-01,22.86327962108976,8.049355721591272
2021-08-02,10.335809032640569,0.6659633223555117
2021-08-03,5.555537440817496,2.3597038524157
2021-08-04,10.899503067974514,1.530968968357228
2021-08-05,14.829795861385595,1.9751910684608542
2021-08-06,18.791517355550816,5.283151270573506
2021-08-07,37.59308950690852,6.7168985761085365
2021-08-08,14.577428483393573,4.70321282336041
2021-08-09,5.44054999507223,9.596956390292435
2021-08-10,11.540182243006136,2.4029232003016663
2021-08-11,10.36404025353906,7.631402302547929
2021-08-12,19.814814737734622,8.701821785071486
2021-08-13,-0.4079701444462476,5.620661107547191
2021-08-14,15.632619942003316,4.562225019615531
2021-08-15,16.565065379653756,5.961844467792437
2021-08-16,17.321810362002758,4.288097701603429
2021-08-17,9.026839310346373,5.551938823233694
2021-08-18,12.62078270263993,4.169339521288016
2021-08-19,0.7593909101746839,4.00469710294134
2021-08-20,10.06680116637806,6.953464681395298
2021-08-21,9.571385239832821,0.9285121306796795
2021-08-22,19.160500462614255,1.6654207272882082
2021-08-23,3.438175681780873,8.511984717150039
2021-08-24,22.81198101709993,7.7107734681518805
2021-08-25,29.94484544491369,2.8145372729439377
2021-08-26,-5.699850250135327,3.772689326657602
2021-08-27,19.26258730778101,9.260265066284806
2021-08-28,21.769080350302456,8.180772251738613
2021-08-29,8.62562974447771,6.143462999796308
2021-08-30,11.027281856712023,2.2149017880295774
2021-08-31,13.671194224130444,0.4425197131526959
2021-09-01,12.022091205982717,4.312578468418982
2021-09-02,11.909870309528777,6.726271392574619
2021-09-03,-1.760038063299767,8.284804905178515
2021-09-04,26.5233156478312,8.526890057422694
2021-09-05,25.79618592036821,0.32775901293363385
2021-09-06,6.866357407957972,2.441570338368794
2021-09-07,0.3357567219748603,3.3909458847740304
2021-09-08,20.210648764527583,1.8873221095938586
2021-09-09,9.242120301869338,8.029753783638379
2021-09-10,16.419531633207797,7.674657630849425
2021-09-11,11.806715828549049,5.1683304038097075
2021-09-12,21.915387510701866,9.829264779958555
2021-09-13,21.94749143656006,1.4405854109084226
2021-09-14,7.744026215364157,8.996517033276689
2021-09-15,1.1663604460494454,1.1646325416191616
2021-09-16,-0.8293839733508186,1.631817055141207
2021-09-17,21.10379379107205,6.962192002506188
2021-09-18,3.1114074221597114,1.0956969204168931
2021-09-19,9.931836457013125,5.658450954187108
2021-09-20,9.036859615494919,4.202335364726536
2021-09-21,14.474327037304537,7.2847396554101485
2021-09-22,-4.362798058465071,9.006752388088652
2021-09-23,16.887785967938285,7.698715146690553
2021-09-24,20.238910238342058,8.496898764211883
2021-09-25,15.884220870446613,0.3294544853123238
2021-09-26,11.891138283015284,3.101954982442031
2021-09-27,15.974001662687835,5.154330866863324
2021-09-28,18.9904634564013,4.159533146297795
2021-09-29,-12.725927564266502,2.3125495297968843
2021-09-30,34.55912308250694,3.0787409796002327
2021-10-01,18.900933226879264,9.454309703916056
2021-10-02,8.4759141761298,2.9418087987135157
2021-10-03,11.090466248123988,3.5390411017978574
2021-10-04,19.937417773491884,0.037097737500186856
2021-10-05,13.838960609656334,8.450776272778745
2021-10-06,-5.306844677814944,1.5484070340157663
2021-10-07,35.644928613593194,2.0414427551372603
2021-10-08,13.894593427675273,2.552645170920256
2021-10-09,25.201727117157997,8.846220568448427
2021-10-10,8.07950152215609,2.064514112463147
2021-10-11,30.363770542457978,7.975263608679399
2021-10-12,17.863436888922795,8.080493403229045
2021-10-13,21.088438344754508,9.270205687863958
2021-10-14,4.547466338530452,1.1556131360031396
2021-10-15,27.11145289682701,2.1727897233783136
2021-10-16,21.898181645347883,7.428982920807213
2021-10-17,28.018462295649982,1.9600075428073904
2021-10-18,8.71912440358421,2.8632954687344903
2021-10-19,10.189728815392122,1.6674158011136264
2021-10-20,38.03916697683942,1.726966861550493
2021-10-21,4.3998417727845265,4.815533546282057
2021-10-22,13.640502993216792,1.0968306211295853
2021-10-23,26.368913626026952,3.216976184636222
2021-10-24,15.977249677148556,4.26593909598879
2021-10-25,20.829536797532935,0.24548116523977592
2021-10-26,11.005509707371248,3.883331664744526
2021-10-27,18.70055887847519,0.9412243608551696
2021-10-28,1.9347314826468338,4.935785311461767
2021-10-29,31.58130679618188,8.257381885570963
2021-10-30,13.818359548714302,8.184221621817873
2021-10-31,8.198217960031496,0.8044851553740051
2021-11-01,21.66383082031914,6.012277576745202
2021-11-02,10.392802126114468,8.345863819712365
2021-11-03,1.6574152859724656,2.3797254293463532
2021-11-04,1.5328249420244475,7.619265114495991
2021-11-05,21.937731526901324,8.907643464500932
2021-11-06,13.40426561853733,8.061241514404442
2021-11-07,13.662984403315608,1.0730103151550452
2021-11-08,25.777438059762627,0.09059999522384898
2021-11-09,3.7317419124325646,1.9172410992184563
2021-11-10,7.693222471351752,2.7047734094662323
2021-11-11,11.151201908187245,6.1618299061595945
2021-11-12,15.94351589317074,3.842731752423184
2021-11-13,14.578285487094211,7.034070306614735
2021-11-14,12.131128076100923,3.530749605216086
2021-11-15,14.383735979043525,1.544254246546003
2021-11-16,13.926947237088253,3.126898434860351
2021-11-17,7.803956114482071,8.84324226389135
2021-11-18,6.870070114459226,9.585323442450647
2021-11-19,17.745163577239396,2.075127340673685
2021-11-20,6.09084917004472,7.884683870244413
2021-11-21,3.426447408091464,2.733487365398707
2021-11-22,11.877077488743067,8.871315434314075
2021-11-23,13.423329838361841,1.6554561279625546
2021-11-24,37.56723497298209,6.659599186940569
2021-11-25,7.952997241437663,0.8421126471318252
2021-11-26,24.432607249694946,9.738933239738696
2021-11-27,22.47188334204632,7.006333446405428
2021-11-28,3.1105504479626394,8.418157394050853
2021-11-29,22.732529774026,5.666693393630346
2021-11-30,3.1611935980668235,4.768013639288602
2021-12-01,-11.591722379967408,6.218823913943651
2021-12-02,21.063195243593807,5.287415116994481
2021-12-03,-2.5589058343771924,4.69384355145153
2021-12-04,19.50934461805915,7.594502514576428
2021-12-05,8.159891022627834,1.7820095493926813
2021-12-06,31.595507961898722,1.7117204815515852
2021-12-07,25.68509399316009,4.318426506497062
2021-12-08,10.466141961486123,3.20747916044946
2021-12-09,8.121623889713177,0.741245179130241
2021-12-10,2.8592259690587944,8.444704924187343
2021-12-11,10.590773677074086,7.7160280669434975
2021-12-12,12.19644504815491,5.439214998029848
2021-12-13,11.353064556083146,9.793245372643689
2021-12-14,16.56703855272364,0.7260006654760531
2021-12-15,20.785214977288785,7.66669301027875
2021-12-16,18.49654456993174,2.6637039160909683
2021-12-17,7.358560760935569,3.6859891994357543
2021-12-18,0.6220852619842159,2.1927938520306753
2021-12-19,28.645318481024713,7.890378914618652
2021-12-20,8.105508154500622,1.44240102021566
2021-12-21,8.477064000649808,8.40016697735278
2021-12-22,9.788106876988891,6.6157764822983385
2021-12-23,-3.430695501566486,0.5902324526911473
2021-12-24,10.220259959595133,8.109817316001534
2021-12-25,10.203441859920524,6.277557161629794
2021-12-26,21.203582983435126,9.049823195783414
2021-12-27,21.98457149107336,7.487223064086383
2021-12-28,15.037708890862694,5.611209274297748
2021-12-29,24.318483741143037,8.365471806191977
2021-12-30,18.39964983801262,2.7805023830122213
2021-12-31,14.843178883974453,5.469500618445636
2022-01-01,16.60928168298223,2.9361681980341015
2022-01-02,13.093465064186006,9.682043910905087
2022-01-03,11.051504859665497,2.2619630084200635
2022-01-04,12.322664631060336,0.15738239670462506
2022-01-05,3.7198866852999313,3.258548420037962
2022-01-06,17.80441705316296,5.025093969698046
2022-01-07,5.068763890704194,0.28362934230075076
2022-01-08,23.416312640736365,5.592483000339073
2022-01-09,12.505414198390511,8.742827749512301
2022-01-10,15.494949816500908,7.047321944166701
2022-01-11,19.938367762809563,6.229683229783043
2022-01-12,21.43314465062928,9.559617507082512
2022-01-13,-0.7062340863345273,9.582793338421059
2022-01-14,12.930963238360283,8.242664697032286
2022-01-15,23.801789120807822,6.07741847385851
2022-01-16,-1.981058194322543,4.877645594977067
2022-01-17,18.872804753950632,0.1331611324646731
2022-01-18,-7.555642294021894,6.062619062265414
2022-01-19,4.774931563643964,9.890880753568537
2022-01-20,15.386305518401882,8.18101050024029
2022-01-21,-1.5671510232195374,3.4060464388435197
2022-01-22,5.144892623158494,1.5204702504442202
2022-01-23,0.2816499253641318,7.840586144671541
2022-01-24,31.481349322075594,7.439378206317415
2022-01-25,16.64227755487334,9.67046791979323
2022-01-26,20.672902778526694,8.748423619393389
2022-01-27,12.773248994848455,5.556626252724074
2022-01-28,11.46568251242801,1.0128424696474214
2022-01-29,-1.164741886510324,4.835006583839601
2022-01-30,12.081626372521372,3.13695054022317
2022-01-31,7.385077881883767,5.124084820248398
2022-02-01,23.579239242923364,3.017015746396532
2022-02-02,26.411018666575735,8.618229919755958
2022-02-03,29.665787155741775,8.443270139828222
2022-02-04,23.52551939461232,3.154651571670559
2022-02-05,9.01346063077014,5.99581346373995
2022-02-06,3.8410301403960556,4.301808576390541
2022-02-07,22.66663181645086,9.090927570285633
2022-02-08,18.562928174722888,1.8736090142632278
2022-02-09,-2.6853845067703084,6.977284017849593
2022-02-10,18.55481792743769,9.703753278372165
2022-02-11,23.145198224878662,1.7527551956309018
2022-02-12,15.5892558918163,2.0196642842420323
2022-02-13,13.149463289906585,6.937233386722279
2022-02-14,6.923515123836443,7.791539245249139
2022-02-15,0.5346530043661204,4.905490547939327
2022-02-16,23.002979493400275,6.096864651471213
2022-02-17,11.908855552282912,2.126824088118288
2022-02-18,12.665333384563073,4.7661422856732605
2022-02-19,32.32721186919133,1.1207188087491515
2022-02-20,21.845011068591905,3.214219252756647
2022-02-21,18.70825001281102,2.847797050309543
2022-02-22,16.420618051872356,4.446253601024201
2022-02-23,30.199948607657728,9.30126362243697
2022-02-24,32.195893074161944,1.812676621478424
2022-02-25,24.29505111479528,4.013882466247205
2022-02-26,20.822245913979245,6.155972191096447
2022-02-27,-5.946030712061447,9.465570860740018
2022-02-28,16.237219142335064,1.3314819153576818
2022-03-01,13.69893045806296,9.178766169931135
2022-03-02,15.939532293855688,0.8105378863406154
2022-03-03,24.43046087322518,4.807413971602644
2022-03-04,-12.396771671895564,4.545898672304828
2022-03-05,9.306879465298149,2.0960272887719555
2022-03-06,17.699043549407612,3.474596681158475
2022-03-07,10.331544539472375,4.541652683483981
2022-03-08,0.8309388687374053,8.652114629106292
2022-03-09,23.689634868967953,9.550641453735597
2022-03-10,17.76871905846128,5.1892567863716526
2022-03-11,5.288954295555154,8.700997902944218
2022-03-12,18.148172045158237,6.0817158567677945
2022-03-13,23.215857120497958,3.4908734198767544
2022-03-14,15.052926462993609,1.9419420761346906
2022-03-15,23.005648034309967,4.131347717827648
2022-03-16,15.782601751616614,5.228242829238478
2022-03-17,11.047710173456457,0.4444338825955618
2022-03-18,3.4057948360008705,1.4584116587085072
2022-03-19,14.140692330283873,6.0018442398144
2022-03-20,16.942929380457716,2.2500159467716205
2022-03-21,23.75832761587331,8.373263760812975
2022-03-22,13.848925315127733,3.269422497741906
2022-03-23,19.57415606220991,1.0483420725325088
2022-03-24,5.3538798626627155,0.8353058855531703
2022-03-25,7.173708441724749,9.371230205317797
2022-03-26,13.896107009731123,1.1802031124187917
2022-03-27,4.453715360149861,1.4090976416206002
2022-03-28,23.202478373246812,8.62666057932753
2022-03-29,19.631303293186072,2.5428813027734396
2022-03-30,17.790957643924536,6.659514107544161
2022-03-31,18.389041252159444,8.167256870298914
2022-04-01,35.210435614847974,6.071806401301921
2022-04-02,10.311358120332043,9.574885434478494
2022-04-03,-7.0144128550055775,7.088828992608414
2022-04-04,16.993001968964652,1.1275150990365834
2022-04-05,14.49396459038334,5.584100265458799
2022-04-06,9.824809574895967,7.181865260891839
2022-04-07,5.211701406412301,8.019572403734452
2022-04-08,10.608104781978522,0.2632133528409153
2022-04-09,16.813384292178213,7.188789152714245
2022-04-10,9.971832993574617,8.256808210194496
2022-04-11,39.124536795437486,7.4683381093535655
2022-04-12,5.394956183668519,5.123491456555981
2022-04-13,7.068826372923284,4.580209630888029
2022-04-14,-7.886200400145285,5.494185832998158
2022-04-15,17.51484415021537,7.04643698826602
2022-04-16,-5.164066277997602,9.229142906324855
2022-04-17,9.605453666254986,6.17035210641125
2022-04-18,12.24329465439443,8.878343062834697
2022-04-19,7.902720341531118,7.012568474457273
2022-04-20,32.388726774545106,0.6833637743884757
2022-04-21,24.94394391315499,5.008281900016218
2022-04-22,28.191368763015756,2.8648634831524236
2022-04-23,6.175811814500815,2.8517492813257226
2022-04-24,26.285940645145686,3.559275512159842
2022-04-25,19.960009463439622,3.147327720004758
2022-04-26,22.714059486768456,5.786099801171002
2022-04-27,25.294388287827672,6.836015003535571
2022-04-28,5.91236754040947,2.6874938707673546
2022-04-29,10.756823790220984,1.2976262256838134
2022-04-30,23.625960113284513,0.588087209344621
2022-05-01,-11.556190929749327,5.757528450305522
2022-05-02,30.13328082573205,1.861301663330024
2022-05-03,20.53132064207584,0.09247994223699374
2022-05-04,14.542960393397651,9.277530793237041
2022-05-05,17.205076557571733,5.371404190832406
2022-05-06,4.700647166910235,0.9244818024697277
2022-05-07,11.500566354108953,8.429211121274854
2022-05-08,26.002843382203736,9.832027382901181
2022-05-09,27.980219723262213,4.4860066201771716
2022-05-10,41.96224052563579,0.4248960823815817
2022-05-11,14.26075333719585,1.175459407560635
2022-05-12,8.414470331949962,3.8165374664543217
2022-05-13,9.857660340600113,8.85522637448877
2022-05-14,4.819581247126353,1.4803867927776204
2022-05-15,14.221452440591491,8.239900940026955
2022-05-16,18.827324300122683,0.14976260219019433
2022-05-17,14.657577194680462,4.57388698785811
2022-05-18,25.963468456657985,6.443971409505681
2022-05-19,12.657841986554635,0.603794820255964
2022-05-20,11.525493475014368,6.147627506164866
2022-05-21,9.187315231396749,9.444041214695561
2022-05-22,-1.326345262344951,1.6025992013659507
2022-05-23,-0.6776772430845401,7.296113830353528
2022-05-24,3.208420693623122,6.090938979435434
2022-05-25,28.014280716647608,1.8511638887923054
2022-05-26,23.9526027288993,0.062034147093660286
2022-05-27,28.7496406639299,0.09284450505927078
2022-05-28,1.6778834540549816,5.320924091720286
2022-05-29,-4.686246897860201,9.427794095611935
2022-05-30,8.39943679865917,6.442986274656124
2022-05-31,16.75818953296028,7.142998462937436
2022-06-01,19.986902749098274,4.938654869205371
2022-06-02,25.479721559680527,5.818889426345698
2022-06-03,17.842796708072147,1.2636752533060347
2022-06-04,32.426687806556316,8.768206204006308
2022-06-05,12.773943190516796,7.607926286668018
2022-06-06,5.869207819582037,9.981989528446096
2022-06-07,-1.8121821549443347,2.9772294755562134
2022-06-08,6.110286419045501,2.2701777179605784
2022-06-09,17.42117960985123,1.2516165796134293
2022-06-10,6.1127974264636915,9.642097566160448
2022-06-11,24.36742463535257,7.808851846280236
2022-06-12,29.12327706037443,1.663246137196387
2022-06-13,-8.69586905226603,5.526864711082139
2022-06-14,23.64052300497648,4.137682080672768
2022-06-15,-7.396040586617367,1.5148600780619281
2022-06-16,19.014990550902873,1.6207298502996548
2022-06-17,27.248705641936596,9.634699947451857
2022-06-18,15.648561063435762,3.0496418295772223
2022-06-19,2.203108267957605,9.414392916839432
2022-06-20,9.145687957222274,0.756106730650844
2022-06-21,12.383545542890992,4.608030422931906
2022-06-22,13.177552162100572,1.296190485167601
2022-06-23,12.971031592333329,0.04787385241172171
2022-06-24,13.901172206906862,5.537660737060765
2022-06-25,17.13480048910169,1.1389410481136342
2022-06-26,2.914263462667787,7.220245309336796
2022-06-27,12.579801701297805,6.9811637570689955
2022-06-28,30.182611703557054,1.7633290746448915
2022-06-29,11.153545768574823,9.417421432655166
2022-06-30,10.561639068448022,7.210434084324896
2022-07-01,25.78197303714238,2.9797026415692995
2022-07-02,-10.591846663440965,7.092337639507907
2022-07-03,26.813786012882858,7.319302776815359
2022-07-04,8.680962419948326,3.422263312509606
2022-07-05,16.639285724525866,3.755885624614592
2022-07-06,15.963213559211969,3.5910650765330008
2022-07-07,24.424681192203938,6.166184435520741
2022-07-08,12.324052537646523,9.004101465401794
2022-07-09,8.219742184355496,1.7319323622858762
2022-07-10,27.97845790651099,8.751996098363184
2022-07-11,-8.641738171411802,0.276531565053425
2022-07-12,15.203341817052433,6.603385959782225
2022-07-13,1.5207457737087964,4.144388731896942
2022-07-14,7.384266117434411,7.912815522324937
2022-07-15,35.11256681463137,7.21198112930903
2022-07-16,14.554045735441429,4.8010780714518395
2022-07-17,16.95069697151381,6.438640367225967
2022-07-18,-2.8156285570559128,5.017731306999452
2022-07-19,7.709553412053043,8.115184706218832
2022-07-20,16.96557400728785,4.76083985968232
2022-07-21,18.54757693113218,5.231559899920758
2022-07-22,21.16886554393279,2.505205864171786
2022-07-23,15.086278989175764,6.0504301681047234
2022-07-24,20.270042084546596,3.0290480866983502
2022-07-25,19.53781912635684,5.772840145429821
2022-07-26,-3.2974041100453135,1.6967811557406987
2022-07-27,15.370057219101495,1.594690923411588
2022-07-28,22.679024077327036,4.170297411919935
2022-07-29,20.898798207345195,4.268195151105409
2022-07-30,11.3614119002921,2.6810926491253904
2022-07-31,6.943734924606321,1.3159685036669
2022-08-01,3.8168807567836787,0.39210539213897055
2022-08-02,13.689459884585876,0.25231827287816144
2022-08-03,26.330798795597218,2.715502900064757
2022-08-04,-4.518041014816021,4.618534421619371
2022-08-05,8.40108270270502,7.26243281306127
2022-08-06,3.6019754457322595,4.7487170071400895
2022-08-07,22.849575212405,9.040508194352817
2022-08-08,9.45690373428699,0.35219804575407077
2022-08-09,10.293623418452086,1.8066062154063434
2022-08-10,12.83050430063351,3.3851449277014267
2022-08-11,19.45393250894797,5.774961880651225
2022-08-12,11.076110018503632,8.527361578939423
2022-08-13,-15.461430547999267,3.5020195195657644
2022-08-14,20.433118913875198,2.6798868250442007
2022-08-15,19.390429576720425,0.6188916884289575
2022-08-16,12.804589716687868,8.21303477698104
2022-08-17,4.159633793280655,3.7966644320667897
2022-08-18,18.517801106813582,5.715501954169343
2022-08-19,18.792355335355868,9.835554181712205
2022-08-20,10.299671172991253,0.015945706042945762
2022-08-21,12.832685294244614,1.4545014069886597
2022-08-22,5.698434974756788,7.791109940193555
2022-08-23,13.214109079126708,8.051274852078379
2022-08-24,-0.50429345083481,7.692471190327554
2022-08-25,19.173188210318354,5.369988910428293
2022-08-26,5.556315091757062,9.78856981023056
2022-08-27,17.38103147832312,3.9618455999532056
2022-08-28,0.9403708373210069,6.019436981131124
2022-08-29,9.099423541304603,0.6336900454884831
2022-08-30,13.89510594934072,4.098574499073387
2022-08-31,-1.6069981186926334,7.22500087509922
2022-09-01,16.15147873140092,2.387388407706993
2022-09-02,11.208524371200772,9.438275890731484
2022-09-03,-2.4235619780923052,6.867833676432891
2022-09-04,1.9675724588768428,2.8757538285757143
2022-09-05,21.051200840821664,7.689989227058564
2022-09-06,23.95555985551324,0.8316477180810911
2022-09-07,13.680913602200329,9.747744225104565
2022-09-08,19.047618120404977,0.4928525907355852
2022-09-09,17.238435633129107,9.334558911487182
2022-09-10,18.29622982127738,2.528538777482612
2022-09-11,27.85984007080293,7.578241076908904
2022-09-12,-0.06998398214271973,0.0007369943310608917
2022-09-13,21.764607323616232,2.5424008917959973
2022-09-14,11.179910444221797,7.491006066497199
2022-09-15,12.757410657483597,5.323360708973222
2022-09-16,11.9775026954493,1.1495214963711486
2022-09-17,11.248528833387162,3.936297458372753
2022-09-18,2.7380380821698083,3.7554935508454257
2022-09-19,16.83339199257601,5.681622441809498
2022-09-20,31.709430327888573,6.679770724602178
2022-09-21,14.438669795512428,8.4083024241225
2022-09-22,14.986149572649042,4.972313969773726
2022-09-23,8.127009628433365,3.920217173051701
2022-09-24,13.825254535818885,1.439765340953817
2022-09-25,19.66166426034031,8.048229649897223
2022-09-26,11.297575592956571,7.1337040541456
2022-09-27,10.461959589479989,4.086773974546853
2022-09-28,19.032645401632468,5.1843230994266944
2022-09-29,5.819952301809545,6.6518284441188875
2022-09-30,17.524966270768726,1.648055898475378
2022-10-01,23.20321797261422,0.2719779440792025
2022-10-02,28.599485416794842,3.175036991866854
2022-10-03,14.096179927230532,5.955850196361631
2022-10-04,28.675972398067135,4.8660609128145875
2022-10-05,25.34409886481518,6.925546268631271
2022-10-06,5.037873596289339,8.196898055745352
2022-10-07,2.8206148840684904,4.884424667302759
2022-10-08,11.950363621455796,1.3426702371782484
2022-10-09,25.289354925948544,8.506279997989658
2022-10-10,14.27712992439995,5.749903272741143
2022-10-11,8.993424423422116,7.399374807828707
2022-10-12,30.522431800485606,7.046646536082916
2022-10-13,17.869044880033464,9.682117713312417
2022-10-14,-8.205942757907415,2.953073223358139
2022-10-15,18.171606262926886,7.05306772779262
2022-10-16,20.200406145708676,3.656763331259183
2022-10-17,17.25608654471104,3.954107209186417
2022-10-18,19.497121002319926,2.305946366587215
2022-10-19,14.327243910770182,3.4401017565085388
2022-10-20,1.8160413035526588,9.482967516582631
2022-10-21,11.292959967795465,2.9257084694760094
2022-10-22,5.543842044437087,2.459906059565867
2022-10-23,5.672590892056222,5.831379784738219
2022-10-24,2.3693165089772457,2.5803595674175464
2022-10-25,19.524890926396463,4.733857255942951
2022-10-26,15.97896145412627,8.34176256556237
2022-10-27,10.51834637319292,2.3040031430717556
2022-10-28,8.50662072269612,4.2669141218392
2022-10-29,14.765768949785478,6.104897350200319
2022-10-30,25.79194728112489,5.456289245734855
2022-10-31,-5.042157154989152,9.747232374152372
2022-11-01,18.768765208508928,6.8037025439519505
2022-11-02,9.542880259822176,7.399462420484398
2022-11-03,-3.845858449794477,9.669559479667333
2022-11-04,-4.457030831639589,4.1443802522852105
2022-11-05,5.872165058647083,3.553798150610512
2022-11-06,17.195095557930454,0.4386242976638255
2022-11-07,18.930629339800916,1.8420430651882713
2022-11-08,5.610184273222147,2.3718963205167585
2022-11-09,25.170209914132446,1.835044670713385
2022-11-10,29.22983496516106,7.547838931965645
2022-11-11,18.9608658495656,5.358829812761117
2022-11-12,9.085973321918893,6.6763380145846725
2022-11-13,26.244191845103682,8.204621608393737
2022-11-14,22.553956956633385,2.307739412858947
2022-11-15,23.67407411354918,3.2592393982149916
2022-11-16,8.435363250284684,7.083602670365968
2022-11-17,-13.345545052747024,3.927589459044728
2022-11-18,36.16791021483675,0.2927094010104414
2022-11-19,-1.1087840344993367,4.3495521902687795
2022-11-20,14.64231928139779,9.082730864154144
2022-11-21,38.807453512197505,4.090215115928747
2022-11-22,18.30576756274374,3.32248916442747
2022-11-23,24.492464735582356,9.895250829450271
2022-11-24,-0.023965693817126876,6.444155642370132
2022-11-25,-2.7766695473370646,3.6599802647118085
2022-11-26,9.672972080204456,1.0201953136380737
2022-11-27,25.907497344345,7.8784944494642115
2022-11-28,11.5375055235269,7.080749334877576
2022-11-29,7.0536367892850125,9.219157992485648
2022-11-30,16.979672899449675,2.172756300280083
2022-12-01,25.819352184772654,1.1492434998823198
2022-12-02,0.5505980092662828,7.240725264090636
2022-12-03,2.894570058766483,2.0339584199869565
2022-12-04,7.113307454906338,1.7610383778949612
2022-12-05,25.946383747120912,3.198073353960721
2022-12-06,17.34821525948732,8.168251414784377
2022-12-07,36.32153410570444,5.395366051096308
2022-12-08,24.36445725831116,0.4585035510228097
2022-12-09,14.649048231303297,4.638946746593172
2022-12-10,27.650778380887658,6.839796113664752
2022-12-11,17.11497012731878,5.383684384690158
2022-12-12,7.95078647492555,5.724502181565559
2022-12-13,21.799748442451023,2.247773283926646
2022-12-14,8.036733461389172,8.477393315953481
2022-12-15,12.096028991961333,5.613987175911241
2022-12-16,28.27782695957983,7.132460130406766
2022-12-17,13.987185137826007,9.818642170133025
2022-12-18,6.968586126583716,4.281986576745322
2022-12-19,10.356623085645083,8.810666126765085
2022-12-20,25.21790585588673,0.07281013941125014
2022-12-21,9.47459326583271,0.334072926151201
2022-12-22,11.131291531493535,5.90279921728817
2022-12-23,9.897072603663714,3.1144939554220064
2022-12-24,16.8392549434031,2.4827656701970024
2022-12-25,11.145102396243917,2.779353572089586
2022-12-26,-1.0183604897253709,3.1840293461058753
2022-12-27,6.128190581549598,7.289476961434229
2022-12-28,5.672109584935617,5.691959722309445
2022-12-29,27.43319384455155,7.890359725593335
2022-12-30,23.126740421090425,8.301965798350519
2022-12-31,20.87259379399826,8.42934859301282
2023-01-01,9.9464168273559,4.146441491748876
2023-01-02,6.842084580060288,4.2127339631641085
2023-01-03,9.92482398342643,9.26265880140584
2023-01-04,4.481198974483259,6.617635946044105
2023-01-05,39.972003915870076,0.8046718397913877
2023-01-06,-7.453216483714019,5.421869540924683
2023-01-07,20.64008535073809,3.5600725963490696
2023-01-08,2.1544770200747276,9.874349897163631
2023-01-09,13.956565085053073,0.13655406462292574
2023-01-10,5.119980575062655,6.12180873070558
2023-01-11,3.2237103751736917,7.236230943988581
2023-01-12,3.5980369906503835,2.889067713573552
2023-01-13,32.54986153742058,9.73641518256532
2023-01-14,13.67011577690408,8.595366270217113
2023-01-15,7.342978055219137,9.156528409858124
2023-01-16,20.55786964082873,0.1923205935154848
2023-01-17,15.103493145662993,5.698721513148089
2023-01-18,22.200337593416528,2.946502419545467
2023-01-19,-3.2425665593783,8.49028634935663
2023-01-20,18.036039044620015,6.328496569149625
2023-01-21,22.726948371023816,5.388770043211098
2023-01-22,-1.615982911145636,1.145881696756057
2023-01-23,19.481952844233124,5.402228047861907
2023-01-24,31.961815728281607,6.319041463564266
2023-01-25,14.851422966452972,9.559123093102045
2023-01-26,23.214059370248112,5.850510104238696
2023-01-27,21.7057045031091,9.674006017456545
2023-01-28,7.924943024894231,9.616061156066621
2023-01-29,15.397667345864951,6.502003358335974
2023-01-30,-0.6699471086160251,5.059079841180887
2023-01-31,10.48696962897474,4.660217438260493
2023-02-01,17.65687974966236,8.903785611157826
2023-02-02,22.231004937377982,0.28256682971756764
2023-02-03,15.246121252479115,1.1380819802357156
2023-02-04,22.199837301431653,1.0207172911915185
2023-02-05,3.9709378704463028,7.569353251210548
2023-02-06,13.983027254451283,3.3965102385253476
2023-02-07,15.192793845130772,6.3796854474070095
2023-02-08,33.49591246679637,6.037829038425656
2023-02-09,12.858333437999157,3.858279697425316
2023-02-10,10.00983362005817,5.315677222423986
2023-02-11,15.213512238435486,6.4513853357166004
2023-02-12,5.808865551300563,9.409503298781383
2023-02-13,16.92753849065216,5.756340728609814
2023-02-14,11.349447834537424,6.143675117683143
2023-02-15,-2.913275480411837,0.6785581770377547
2023-02-16,14.414134488661391,9.52215814760112
2023-02-17,11.824569060698007,5.280819279093862
2023-02-18,-1.3242330206798343,8.012734198599219
2023-02-19,14.328658453854782,0.5029106314738907
2023-02-20,29.893559620744803,4.20910135737091
2023-02-21,20.213037482757137,2.569754591527016
2023-02-22,21.11927192731158,2.6697589868858995
2023-02-23,1.585032744169574,7.914537299609295
2023-02-24,19.768983689222225,6.238667252688535
2023-02-25,16.48449581380078,4.39745311842848
2023-02-26,20.290452383344316,0.10585739586393417
2023-02-27,19.22628621708826,9.649279429455298
2023-02-28,1.4021927449618623,9.620232533557239
2023-03-01,14.585991884420325,2.1755221028003846
2023-03-02,7.421291395748339,0.4134637231655669
2023-03-03,14.499159057151779,5.301993630119021
2023-03-04,6.025990730981695,9.514108146164075
2023-03-05,28.12470367140996,9.10395845764935
2023-03-06,6.410276115556577,5.846628638893966
2023-03-07,6.010578435344641,3.035488506537072
2023-03-08,15.745864065435535,3.2996088376919595
2023-03-09,4.2290093059600515,8.979135514860277
2023-03-10,10.753366975671343,4.91784035635577
2023-03-11,6.700354024620381,1.3111622896714559
2023-03-12,29.111720638896116,2.484254759736073
2023-03-13,22.858038268311724,2.7679490146749908
2023-03-14,14.425304815346054,1.2354668493190935
2023-03-15,11.087829478259838,4.630443815212914
2023-03-16,24.409176145751132,9.160509082749911
2023-03-17,19.05204080322888,6.68782542992261
2023-03-18,19.980524046828567,0.7247392424885613
2023-03-19,14.738077626557494,0.05494817809162722
2023-03-20,-1.8823002777143216,2.762476674692543
2023-03-21,13.875340174404473,3.626929347939404
2023-03-22,9.675100807909322,7.767496690467758
2023-03-23,21.45055273459877,9.670055239303666
2023-03-24,25.11842432994189,3.8756717342354365
2023-03-25,8.420489552388315,6.866900298168611
2023-03-26,19.683852342770518,9.949019073529632
2023-03-27,32.35878997685713,7.456665838750144
2023-03-28,8.32287279429441,6.361895490858444
2023-03-29,31.819217400731375,0.7807485417830429
2023-03-30,6.474141528293529,3.2321520119473024
2023-03-31,15.229597556079515,9.133921584571569
2023-04-01,14.888543881581587,2.010054816809057
2023-04-02,15.114988998700623,8.435903592732082
2023-04-03,6.623219580920548,6.963236850805055
2023-04-04,9.088168962355702,3.6632437083075464
2023-04-05,8.322797136406006,5.2917426971265655
2023-04-06,18.269625954044574,5.428064687528136
2023-04-07,18.300351145103114,7.140537850738863
2023-04-08,37.25944331738259,5.165559410991961
2023-04-09,28.709890062911214,1.3307599018416627
2023-04-10,9.901567578615209,7.7345467152191265
2023-04-11,18.24869615796186,4.062724969061188
2023-04-12,24.971179807917594,9.630938902119272
2023-04-13,15.306018243385179,2.835137822930344
2023-04-14,14.303584215530645,2.630787802965846
2023-04-15,15.515749427698891,3.335073956751826
2023-04-16,23.672766288084276,5.723170159586255
2023-04-17,6.516794771947675,8.948697402009824
2023-04-18,11.743305311798258,1.762816401400148
2023-04-19,19.70433144846482,2.796787975992202
2023-04-20,18.114470715541554,5.8167984314786185
2023-04-21,17.395827598563912,4.543342421615151
2023-04-22,11.301988336961967,4.473228872557254
2023-04-23,24.725357891425368,8.207342620964065
2023-04-24,36.33868247204538,9.238783025113612
2023-04-25,19.064154936762062,4.813069660698819
2023-04-26,13.0682329845016,6.873517954472738
2023-04-27,22.557402888945425,8.010587110273939
2023-04-28,9.6086736324701,5.183664103871639
2023-04-29,7.503096552971034,2.9431640895373534
2023-04-30,15.328087476137117,6.380845977222838
2023-05-01,-10.827966329699446,5.851091003060592
2023-05-02,3.460496363479905,9.015628197396104
2023-05-03,11.520381440791542,0.5240703676985603
2023-05-04,1.4661114185228659,9.101313871334668
2023-05-05,4.673568981078704,5.344320281653596
2023-05-06,10.632516625419926,0.15676116049913924
2023-05-07,-1.4296529353060912,3.4470217876778806
2023-05-08,10.93928203740168,7.243335638753198
2023-05-09,9.647298354671555,4.8843308793583295
2023-05-10,15.25405208385016,9.801590374409924
2023-05-11,26.54184030494019,4.226100738310485
2023-05-12,16.725044164928658,3.2663522962600777
2023-05-13,15.210620213420636,8.216719344295681
2023-05-14,15.994544570307118,5.479066993580314
2023-05-15,17.273927751211286,6.823265790625589
2023-05-16,4.832613513902311,8.057023380386775
2023-05-17,13.852246752292018,6.714275461256203
2023-05-18,18.08751241836613,4.2240749476866455
2023-05-19,1.2924001745693943,1.2479644789430067
2023-05-20,23.656529228158533,5.802481665713005
2023-05-21,25.813760344581897,8.974333267292597
2023-05-22,8.686240115506113,4.188924265184149
2023-05-23,12.586622085468955,9.107252348428405
2023-05-24,6.2180965718992685,5.03527819782402
2023-05-25,21.993804835878173,6.208415624424766
2023-05-26,4.387777125540907,8.329884760556428
2023-05-27,12.775229897570798,5.645971096407215
2023-05-28,6.410800921923284,0.909693392955635
2023-05-29,15.509542770112894,9.809794008003951
2023-05-30,-2.94229271489721,2.458493019128337
2023-05-31,28.264616423656932,7.1050532863019855
2023-06-01,5.353935757937361,5.051134386177387
2023-06-02,15.59894683116276,4.787726368177081
2023-06-03,12.874769552296907,2.4394081886689145
2023-06-04,7.378854880775019,7.221507657001041
2023-06-05,6.122198633640647,1.1278826483098725
2023-06-06,24.363985435524597,9.904533093614852
2023-06-07,9.743594068980602,8.453735371072039
2023-06-08,17.71170184637311,5.345089400057921
2023-06-09,6.985031146056253,4.245529560580095
2023-06-10,8.528185681522393,2.8646463245986764
2023-06-11,19.722471500878488,5.015914709407675
2023-06-12,24.304084961111165,8.79417462024168
2023-06-13,13.2468359767298,2.750064007006836
2023-06-14,0.7808012835956308,5.005374588031359
2023-06-15,34.97956079750004,2.3454990206703084
2023-06-16,6.434506917657906,3.3714911366495146
2023-06-17,-0.41587399671787395,1.9026050892333246
2023-06-18,40.944245877681524,9.905391939211878
2023-06-19,10.959677061490629,5.7149744646245555
2023-06-20,0.38267311738591836,7.328151240366955
2023-06-21,8.165602332113181,0.9824991345203671
2023-06-22,18.67544896022269,3.661175500743158
2023-06-23,16.903115575939395,8.926398030473216
2023-06-24,6.482708027464101,0.8443832642394788
2023-06-25,33.22723600127959,1.6548322833961315
2023-06-26,9.784203220066269,6.254176103511686
2023-06-27,3.1531340958844805,6.2278899410422515
2023-06-28,24.6069339846066,8.382270444539296
2023-06-29,28.29062846539682,9.354927638714214
2023-06-30,6.8250690238377345,1.4198647542526377
2023-07-01,0.9865270696068951,2.593738185269995
2023-07-02,25.304382674156045,4.274614056932559
2023-07-03,-5.473236130579618,0.009032855212496305
2023-07-04,2.7337834060338455,0.6981430295969493
2023-07-05,24.67446150050235,2.264912779410216
2023-07-06,14.446474519776105,4.811019640158118
2023-07-07,12.360626514073122,2.5152273816861284
2023-07-08,18.528166064943782,8.766818922230481
2023-07-09,13.472255764545913,3.242728755420111
2023-07-10,2.0131327783690978,9.246228121426286
2023-07-11,27.760753460061878,9.7478726073471
2023-07-12,28.25014052886815,4.498615339075788
2023-07-13,17.053325637779597,2.2712881689932365
2023-07-14,15.451340154320103,2.916661334230033
2023-07-15,38.39624806020058,7.763336816594462
2023-07-16,12.235671549841628,2.7334970779259105
2023-07-17,12.404230181659607,3.805828679202846
2023-07-18,18.644812492405055,4.785758584818498
2023-07-19,29.713219561423383,5.751111164699841
2023-07-20,30.927707544174837,9.961004403012382
2023-07-21,12.414273683232288,2.322097551635923
2023-07-22,18.08331245959345,3.5342370324816885
2023-07-23,1.2191653293592282,2.62891177010511
2023-07-24,11.88023892083787,3.611134366437103
2023-07-25,6.597096045206936,1.0080451689462055
2023-07-26,4.9316824770101615,3.598097672410472
2023-07-27,31.815767162673275,8.878650314643885
2023-07-28,7.077133381938551,2.9858984784644904
2023-07-29,9.683940919885451,3.7193477984906886
2023-07-30,18.658487879168582,9.444741644379347
2023-07-31,27.978252669735856,7.283789963268682
2023-08-01,19.811151263888355,5.167387148180484
2023-08-02,42.59355114021582,7.771927284034406
2023-08-03,14.253320217488504,1.2317964885450394
2023-08-04,17.58716440229746,4.644903532208423
2023-08-05,17.756006739840565,1.182361287358663
2023-08-06,29.350493867891544,2.3361814501958
2023-08-07,20.07238951109615,1.418672597402586
2023-08-08,13.83770299612851,3.6180123916913933
2023-08-09,5.5251140509312044,3.8163932039592585
2023-08-10,17.444434559616326,9.47308581833241
2023-08-11,29.013448312919596,2.6412573118752922
2023-08-12,10.896182063421294,4.724288453165169
2023-08-13,20.289436184165822,8.113794039634868
2023-08-14,17.461477886848442,8.156175864366617
2023-08-15,23.635196583813148,7.5034318703502025
2023-08-16,6.952462593621307,2.8783376214007292
2023-08-17,38.46647030526562,4.94971619411357
2023-08-18,2.208388929717417,1.8621159518672326
2023-08-19,11.344489100139628,1.8839952278280425
2023-08-20,24.380925409056456,4.358412131383109
2023-08-21,17.967331724941133,7.385922212429411
2023-08-22,23.299861590811034,5.265842599978379
2023-08-23,10.038976660174377,8.866832208474523
2023-08-24,14.251950173196589,8.309087977775759
2023-08-25,15.122319836388174,0.3160544282040556
2023-08-26,30.692596145359044,5.68419042866216
2023-08-27,21.904290243830488,6.091612643556431
2023-08-28,22.966721083646714,9.615751443000814
2023-08-29,8.420739074632047,0.2323662670886173
2023-08-30,24.688826385630506,5.311037709686289
2023-08-31,17.255816635688035,2.047813619358524
2023-09-01,28.891453156779274,0.536629062915891
2023-09-02,35.14060154918468,5.874885247317233
2023-09-03,11.932342239729955,7.726041436328025
2023-09-04,10.936968695549375,7.7486544922518785
2023-09-05,6.359550088976304,0.30288410155906775
2023-09-06,13.564204882836794,4.069464002715893
2023-09-07,11.179745510496165,0.445096271486205
2023-09-08,18.5950439957101,2.478386469907697
2023-09-09,13.55433183066264,1.9288070275794833
2023-09-10,11.384007192183802,2.1518257924215725
2023-09-11,25.645851361278517,3.3911841403452856
2023-09-12,5.621197688485482,2.7741804183599825
2023-09-13,19.33107953151344,9.622799113275983
2023-09-14,10.940582728115166,3.5240712000938212
2023-09-15,22.243685048699646,8.941725152929719
2023-09-16,28.852615467222304,1.810416715209251
2023-09-17,11.969017465759272,7.637468671882143
2023-09-18,19.410329072731514,0.6134553602464277
2023-09-19,16.787928657331797,4.627612294693413
2023-09-20,7.005776004569034,0.055104402355259374
2023-09-21,17.407875097419385,8.10290763069436
2023-09-22,17.891205052788123,9.504860360377839
2023-09-23,19.128708204461745,0.35107370827145656
2023-09-24,13.016011031799543,9.338463614733145
2023-09-25,15.941923003101465,7.73853891491353
2023-09-26,3.5238905515686465,3.5886157879279534
2023-09-27,11.418859245201432,9.088765512228052
2023-09-28,20.55962679709798,2.9625727125090098
2023-09-29,23.924738873315302,4.09295312234762
2023-09-30,10.776851758747293,0.9671126219202164
2023-10-01,16.04714029433284,6.56938961900144
2023-10-02,17.280533251240673,0.2960082874227188
2023-10-03,17.014799467044327,4.849052751990373
2023-10-04,20.407735853003903,6.831918502525339
2023-10-05,-3.180776303835696,8.21237600949111
2023-10-06,14.506759298524274,1.4994138962166215
2023-10-07,17.39033601246765,7.540903662487174
2023-10-08,4.996696510462947,7.190770235550295
2023-10-09,31.7398570701071,5.595705341197842
2023-10-10,16.61559267238168,5.84644597787864
2023-10-11,30.634047450289295,0.9127072085677812
2023-10-12,7.094769781669228,6.004710432403803
2023-10-13,5.926998784746729,3.815222070708323
2023-10-14,17.24252220965682,8.67580851341647
2023-10-15,-1.7868836282865672,3.130988817359902
2023-10-16,17.149655906260936,5.765950773635247
2023-10-17,15.97219232002918,4.265713997011944
2023-10-18,25.156652815421012,8.76261938250313
2023-10-19,22.010413411650973,2.53916666989189
2023-10-20,10.825226501149661,0.7880236030946042
2023-10-21,4.025033452297553,7.486557209831396
2023-10-22,32.12305221343297,4.128966169083215
2023-10-23,7.0788497943485,5.8909835912629145
2023-10-24,4.544754429305343,0.26389331713351116
2023-10-25,4.151439405385549,9.521097913974021
2023-10-26,26.173053155366645,8.776183773849764
2023-10-27,9.810997955751478,6.238679005772775
2023-10-28,7.462955338193992,0.17029842112618043
2023-10-29,16.376898259033474,3.779764739828766
2023-10-30,12.93055289442709,9.78796537742149
2023-10-31,8.21904539213753,6.813303587402347
2023-11-01,22.539914669784796,1.6098786131341913
2023-11-02,25.653154920979947,4.605967486545007
2023-11-03,24.85317508939867,9.66737743843486
2023-11-04,22.66919669661199,5.3470817441659335
2023-11-05,19.026255311300353,0.24614528029824556
2023-11-06,-2.758879999618287,6.197720842759777
2023-11-07,31.692508063769687,2.7121653093115983
2023-11-08,18.01989210357553,0.9884595187690437
2023-11-09,21.081564276006414,4.0290844473189305
2023-11-10,26.149623229474024,5.585230974322448
2023-11-11,29.333525028819917,0.17040718047802716
2023-11-12,19.183980113091927,5.590468086359475
2023-11-13,19.355461592956537,5.112031468396374
2023-11-14,9.007757225402806,7.939083830987601
2023-11-15,15.330897511387603,4.235498168153971
2023-11-16,6.458387391856455,5.534504296698862
2023-11-17,7.800594678581053,7.420093040571263
2023-11-18,6.064255976858087,8.971458717819456
2023-11-19,13.439761090027126,3.8003457602368753
2023-11-20,25.490931879200105,6.016334957831465
2023-11-21,46.709747732901796,6.946109034163817
2023-11-22,16.894996375479135,0.43270676442196176
2023-11-23,1.5158691224388008,8.007605084861348
2023-11-24,27.649833298562562,3.7743018521539384
2023-11-25,11.99216123523973,6.702389414436098
2023-11-26,8.393914060230081,4.716640662049491
2023-11-27,17.098494779230553,7.0233914269170725
2023-11-28,2.5937540044377254,7.243309792357789
2023-11-29,17.224631640086066,1.9157101348646732
2023-11-30,14.11624476800845,6.621742342864505
2023-12-01,15.983779068154757,8.513234378820872
2023-12-02,18.814162542091708,2.3556720050497484
2023-12-03,15.674922572408068,7.581834698938779
2023-12-04,15.163380841128925,6.338251131552236
2023-12-05,17.843145189979445,9.551260344725637
2023-12-06,19.154006261711267,2.602465772917608
2023-12-07,4.6851753968474235,1.5427777765800355
2023-12-08,0.7000874131455159,3.1212101528169987
2023-12-09,14.383619478277852,2.579587781979187
2023-12-10,0.6726451006589187,7.568327604735129
2023-12-11,15.875314709216708,7.331093038467983
2023-12-12,24.3874687568231,6.696849008553338
2023-12-13,21.071116719160457,2.163791144584878
2023-12-14,4.518295931745268,8.618068074390896
2023-12-15,6.397375480424811,9.565715558589277
2023-12-16,18.283012950007553,5.316058181086445
2023-12-17,10.9870219486649,6.4937273062938585
2023-12-18,11.83344704947893,5.0069209902056215
2023-12-19,20.969064812479537,2.8355771510260386
2023-12-20,5.127133065423475,2.861476039966042
2023-12-21,10.987652900888175,3.1342052273491317
2023-12-22,6.999175239153988,1.9085000416415399
2023-12-23,4.568705019646444,9.019236326293177
2023-12-24,6.4292181132883535,8.583981340466858
2023-12-25,21.774621693464116,4.616393613188368
2023-12-26,15.518203894824216,3.6725141256017046
2023-12-27,6.208393711649251,9.390783565470986
2023-12-28,12.688983924070035,2.223734692328101
2023-12-29,-1.388073071221779,5.535419594668016
2023-12-30,7.666871924163344,0.5449815554216264
2023-12-31,36.49574534867287,1.91202197017449
